--
-- PostgreSQL database dump
--

-- Dumped from database version 14.10 (Homebrew)
-- Dumped by pg_dump version 14.10 (Homebrew)

SET statement_timeout = 0;
SET lock_timeout = 0;
SET idle_in_transaction_session_timeout = 0;
SET client_encoding = 'UTF8';
SET standard_conforming_strings = on;
SELECT pg_catalog.set_config('search_path', '', false);
SET check_function_bodies = false;
SET xmloption = content;
SET client_min_messages = warning;
SET row_security = off;

SET default_tablespace = '';

SET default_table_access_method = heap;

--
-- Name: categories; Type: TABLE; Schema: public; Owner: dongvuong
--

CREATE TABLE public.categories (
    id integer NOT NULL,
    name character varying(200) NOT NULL,
    created_at timestamp without time zone,
    updated_at timestamp without time zone
);


ALTER TABLE public.categories OWNER TO dongvuong;

--
-- Name: categories_id_seq; Type: SEQUENCE; Schema: public; Owner: dongvuong
--

ALTER TABLE public.categories ALTER COLUMN id ADD GENERATED BY DEFAULT AS IDENTITY (
    SEQUENCE NAME public.categories_id_seq
    START WITH 1
    INCREMENT BY 1
    NO MINVALUE
    NO MAXVALUE
    CACHE 1
);


--
-- Name: comments; Type: TABLE; Schema: public; Owner: dongvuong
--

CREATE TABLE public.comments (
    id integer NOT NULL,
    subject character varying(200) NOT NULL,
    content text NOT NULL,
    post_id integer,
    user_id integer,
    created_at timestamp with time zone DEFAULT now(),
    updated_at time with time zone DEFAULT now()
);


ALTER TABLE public.comments OWNER TO dongvuong;

--
-- Name: comments_id_seq; Type: SEQUENCE; Schema: public; Owner: dongvuong
--

ALTER TABLE public.comments ALTER COLUMN id ADD GENERATED ALWAYS AS IDENTITY (
    SEQUENCE NAME public.comments_id_seq
    START WITH 3
    INCREMENT BY 1
    NO MINVALUE
    NO MAXVALUE
    CACHE 1
);


--
-- Name: courses; Type: TABLE; Schema: public; Owner: dongvuong
--

CREATE TABLE public.courses (
    id integer NOT NULL,
    name character varying(200) NOT NULL,
    price integer NOT NULL,
    created_at timestamp with time zone DEFAULT now(),
    updated_at time with time zone DEFAULT now()
);


ALTER TABLE public.courses OWNER TO dongvuong;

--
-- Name: courses_id_seq; Type: SEQUENCE; Schema: public; Owner: dongvuong
--

ALTER TABLE public.courses ALTER COLUMN id ADD GENERATED ALWAYS AS IDENTITY (
    SEQUENCE NAME public.courses_id_seq
    START WITH 1
    INCREMENT BY 1
    NO MINVALUE
    NO MAXVALUE
    CACHE 1
);


--
-- Name: customers; Type: TABLE; Schema: public; Owner: dongvuong
--

CREATE TABLE public.customers (
    id integer NOT NULL,
    name character varying(50),
    email character varying(100),
    password character varying(100),
    status boolean DEFAULT false,
    created_at timestamp without time zone,
    updated_at timestamp without time zone,
    age integer
);


ALTER TABLE public.customers OWNER TO dongvuong;

--
-- Name: customers_id_seq; Type: SEQUENCE; Schema: public; Owner: dongvuong
--

ALTER TABLE public.customers ALTER COLUMN id ADD GENERATED BY DEFAULT AS IDENTITY (
    SEQUENCE NAME public.customers_id_seq
    START WITH 1
    INCREMENT BY 1
    NO MINVALUE
    MAXVALUE 2147483647
    CACHE 1
);


--
-- Name: phones; Type: TABLE; Schema: public; Owner: dongvuong
--

CREATE TABLE public.phones (
    id integer NOT NULL,
    phone character varying(15),
    user_id integer,
    created_at timestamp without time zone,
    updated_at timestamp without time zone
);


ALTER TABLE public.phones OWNER TO dongvuong;

--
-- Name: phones_id_seq; Type: SEQUENCE; Schema: public; Owner: dongvuong
--

ALTER TABLE public.phones ALTER COLUMN id ADD GENERATED BY DEFAULT AS IDENTITY (
    SEQUENCE NAME public.phones_id_seq
    START WITH 1
    INCREMENT BY 1
    NO MINVALUE
    NO MAXVALUE
    CACHE 1
);


--
-- Name: posts; Type: TABLE; Schema: public; Owner: dongvuong
--

CREATE TABLE public.posts (
    id integer NOT NULL,
    title character varying(255) NOT NULL,
    content text,
    user_id integer,
    created_at timestamp without time zone,
    updated_at timestamp without time zone
);


ALTER TABLE public.posts OWNER TO dongvuong;

--
-- Name: posts_categories; Type: TABLE; Schema: public; Owner: dongvuong
--

CREATE TABLE public.posts_categories (
    id integer NOT NULL,
    category_id integer,
    post_id integer,
    created_at timestamp without time zone,
    updated_at timestamp without time zone
);


ALTER TABLE public.posts_categories OWNER TO dongvuong;

--
-- Name: posts_categories_id_seq; Type: SEQUENCE; Schema: public; Owner: dongvuong
--

ALTER TABLE public.posts_categories ALTER COLUMN id ADD GENERATED BY DEFAULT AS IDENTITY (
    SEQUENCE NAME public.posts_categories_id_seq
    START WITH 1
    INCREMENT BY 1
    NO MINVALUE
    NO MAXVALUE
    CACHE 1
);


--
-- Name: posts_id_seq; Type: SEQUENCE; Schema: public; Owner: dongvuong
--

ALTER TABLE public.posts ALTER COLUMN id ADD GENERATED BY DEFAULT AS IDENTITY (
    SEQUENCE NAME public.posts_id_seq
    START WITH 1
    INCREMENT BY 1
    NO MINVALUE
    NO MAXVALUE
    CACHE 1
);


--
-- Name: users; Type: TABLE; Schema: public; Owner: dongvuong
--

CREATE TABLE public.users (
    id integer NOT NULL,
    name character varying(50),
    email character varying(100),
    password character varying(100) DEFAULT 123456,
    status boolean DEFAULT false,
    created_at timestamp without time zone DEFAULT now(),
    updated_at timestamp without time zone DEFAULT now(),
    age integer DEFAULT 40
);


ALTER TABLE public.users OWNER TO dongvuong;

--
-- Name: users_courses; Type: TABLE; Schema: public; Owner: dongvuong
--

CREATE TABLE public.users_courses (
    id integer NOT NULL,
    user_id integer,
    course_id integer,
    created_at timestamp with time zone DEFAULT now(),
    updated_at timestamp with time zone DEFAULT now()
);


ALTER TABLE public.users_courses OWNER TO dongvuong;

--
-- Name: users_courses_id_seq; Type: SEQUENCE; Schema: public; Owner: dongvuong
--

ALTER TABLE public.users_courses ALTER COLUMN id ADD GENERATED ALWAYS AS IDENTITY (
    SEQUENCE NAME public.users_courses_id_seq
    START WITH 1
    INCREMENT BY 1
    NO MINVALUE
    NO MAXVALUE
    CACHE 1
);


--
-- Name: users_id_seq; Type: SEQUENCE; Schema: public; Owner: dongvuong
--

ALTER TABLE public.users ALTER COLUMN id ADD GENERATED BY DEFAULT AS IDENTITY (
    SEQUENCE NAME public.users_id_seq
    START WITH 1
    INCREMENT BY 1
    NO MINVALUE
    NO MAXVALUE
    CACHE 1
);


--
-- Data for Name: categories; Type: TABLE DATA; Schema: public; Owner: dongvuong
--

COPY public.categories (id, name, created_at, updated_at) FROM stdin;
1	categories1	2023-12-21 20:19:31.548323	2023-12-21 20:19:31.548323
2	categories2	2023-12-21 20:19:31.548323	2023-12-21 20:19:31.548323
3	categories3	2023-12-21 20:19:31.548323	2023-12-21 20:19:31.548323
4	categories4	2023-12-21 20:19:31.548323	2023-12-21 20:19:31.548323
5	categories5	2023-12-21 20:19:31.548323	2023-12-21 20:19:31.548323
\.


--
-- Data for Name: comments; Type: TABLE DATA; Schema: public; Owner: dongvuong
--

COPY public.comments (id, subject, content, post_id, user_id, created_at, updated_at) FROM stdin;
1	subject1	content  comment 1	4	1	2023-12-25 21:25:41.493496+07	21:25:41.493496+07
2	subject 2	content  comment2	5	1	2023-12-25 21:26:26.874577+07	21:26:26.874577+07
3	subject 3	content  comment 3	4	1	2023-12-25 21:27:03.357169+07	21:27:03.357169+07
4	subject 4	content  comment 4	6	2	2023-12-25 21:28:46.675948+07	21:28:46.675948+07
\.


--
-- Data for Name: courses; Type: TABLE DATA; Schema: public; Owner: dongvuong
--

COPY public.courses (id, name, price, created_at, updated_at) FROM stdin;
1	Hoc HTML	20000	2023-12-25 19:27:32.46487+07	19:27:32.46487+07
2	Hoc CSS	30000	2023-12-25 19:28:28.636702+07	19:28:28.636702+07
3	Hoc JS	10000	2023-12-25 19:28:28.636702+07	19:28:28.636702+07
4	Hoc React	40000	2023-12-25 19:28:28.636702+07	19:28:28.636702+07
\.


--
-- Data for Name: customers; Type: TABLE DATA; Schema: public; Owner: dongvuong
--

COPY public.customers (id, name, email, password, status, created_at, updated_at, age) FROM stdin;
1	user1	username1@gmail.com	123456	f	2023-12-21 20:08:16.87558	2023-12-21 20:08:16.87558	18
3	user3	username3@gmail.com	123456	f	2023-12-21 20:08:16.87558	2023-12-21 20:08:16.87558	23
4	user4	username4@gmail.com	123456	f	2023-12-21 20:08:16.87558	2023-12-21 20:08:16.87558	25
5	user5	username5@gmail.com	123456	f	2023-12-21 20:08:16.87558	2023-12-21 20:08:16.87558	28
6	user6	username6@gmail.com	123456	f	2023-12-21 20:48:58.076362	2023-12-21 20:48:58.076362	35
2	user2	username2@gmail.com	123456	f	2023-12-21 20:08:16.87558	2023-12-21 20:08:16.87558	18
\.


--
-- Data for Name: phones; Type: TABLE DATA; Schema: public; Owner: dongvuong
--

COPY public.phones (id, phone, user_id, created_at, updated_at) FROM stdin;
1	0123456789	1	2023-12-21 20:10:52.337208	2023-12-21 20:10:52.337208
2	0123456788	2	2023-12-21 20:10:52.337208	2023-12-21 20:10:52.337208
3	0123456787	3	2023-12-21 20:10:52.337208	2023-12-21 20:10:52.337208
4	0123456786	4	2023-12-21 20:10:52.337208	2023-12-21 20:10:52.337208
5	0123456785	5	2023-12-21 20:10:52.337208	2023-12-21 20:10:52.337208
6	\N	6	2023-12-21 20:51:23.745734	2023-12-21 20:51:23.745734
\.


--
-- Data for Name: posts; Type: TABLE DATA; Schema: public; Owner: dongvuong
--

COPY public.posts (id, title, content, user_id, created_at, updated_at) FROM stdin;
4	title 1	content1	1	2023-12-21 20:15:07.54725	2023-12-21 20:15:07.54725
5	title 2	content2	1	2023-12-21 20:15:07.54725	2023-12-21 20:15:07.54725
6	title 3	content3	1	2023-12-21 20:15:07.54725	2023-12-21 20:15:07.54725
7	title 4	content4	1	2023-12-21 20:15:07.54725	2023-12-21 20:15:07.54725
8	title 5	content5	2	2023-12-21 20:15:07.54725	2023-12-21 20:15:07.54725
9	title 6	content6	3	2023-12-21 20:15:07.54725	2023-12-21 20:15:07.54725
10	title 7	content7	4	2023-12-21 20:15:07.54725	2023-12-21 20:15:07.54725
11	title 8	content8	5	2023-12-21 20:15:07.54725	2023-12-21 20:15:07.54725
\.


--
-- Data for Name: posts_categories; Type: TABLE DATA; Schema: public; Owner: dongvuong
--

COPY public.posts_categories (id, category_id, post_id, created_at, updated_at) FROM stdin;
1	1	4	2023-12-21 20:24:29.544109	2023-12-21 20:24:29.544109
2	1	5	2023-12-21 20:24:29.544109	2023-12-21 20:24:29.544109
3	2	4	2023-12-21 20:24:29.544109	2023-12-21 20:24:29.544109
4	2	5	2023-12-21 20:24:29.544109	2023-12-21 20:24:29.544109
\.


--
-- Data for Name: users; Type: TABLE DATA; Schema: public; Owner: dongvuong
--

COPY public.users (id, name, email, password, status, created_at, updated_at, age) FROM stdin;
4	user4	username4@gmail.com	123456	f	2023-12-21 20:08:16.87558	2023-12-21 20:08:16.87558	25
5	user5	username5@gmail.com	123456	f	2023-12-21 20:08:16.87558	2023-12-21 20:08:16.87558	28
6	user6	username6@gmail.com	123456	f	2023-12-21 20:48:58.076362	2023-12-21 20:48:58.076362	35
2	user2	username2@gmail.com	123456	f	2023-12-21 20:08:16.87558	2023-12-21 20:08:16.87558	18
1	user1	username1@gmail.com	123456	t	2023-12-21 20:08:16.87558	2023-12-21 20:08:16.87558	18
3	user3	username3@gmail.com	123456	t	2023-12-21 20:08:16.87558	2023-12-21 20:08:16.87558	23
7	user 7+	username7@gmail.com	123456	f	2024-01-08 21:39:56.676451	2024-01-08 21:39:56.676451	40
\.


--
-- Data for Name: users_courses; Type: TABLE DATA; Schema: public; Owner: dongvuong
--

COPY public.users_courses (id, user_id, course_id, created_at, updated_at) FROM stdin;
1	1	1	2023-12-25 19:37:06.834049+07	2023-12-25 19:37:06.834049+07
2	1	2	2023-12-25 19:37:06.834049+07	2023-12-25 19:37:06.834049+07
3	1	3	2023-12-25 19:37:06.834049+07	2023-12-25 19:37:06.834049+07
4	2	1	2023-12-25 19:37:25.907124+07	2023-12-25 19:37:25.907124+07
5	2	2	2023-12-25 19:37:25.907124+07	2023-12-25 19:37:25.907124+07
6	2	3	2023-12-25 19:37:25.907124+07	2023-12-25 19:37:25.907124+07
\.


--
-- Name: categories_id_seq; Type: SEQUENCE SET; Schema: public; Owner: dongvuong
--

SELECT pg_catalog.setval('public.categories_id_seq', 5, true);


--
-- Name: comments_id_seq; Type: SEQUENCE SET; Schema: public; Owner: dongvuong
--

SELECT pg_catalog.setval('public.comments_id_seq', 4, true);


--
-- Name: courses_id_seq; Type: SEQUENCE SET; Schema: public; Owner: dongvuong
--

SELECT pg_catalog.setval('public.courses_id_seq', 4, true);


--
-- Name: customers_id_seq; Type: SEQUENCE SET; Schema: public; Owner: dongvuong
--

SELECT pg_catalog.setval('public.customers_id_seq', 1, false);


--
-- Name: phones_id_seq; Type: SEQUENCE SET; Schema: public; Owner: dongvuong
--

SELECT pg_catalog.setval('public.phones_id_seq', 6, true);


--
-- Name: posts_categories_id_seq; Type: SEQUENCE SET; Schema: public; Owner: dongvuong
--

SELECT pg_catalog.setval('public.posts_categories_id_seq', 8, true);


--
-- Name: posts_id_seq; Type: SEQUENCE SET; Schema: public; Owner: dongvuong
--

SELECT pg_catalog.setval('public.posts_id_seq', 11, true);


--
-- Name: users_courses_id_seq; Type: SEQUENCE SET; Schema: public; Owner: dongvuong
--

SELECT pg_catalog.setval('public.users_courses_id_seq', 7, true);


--
-- Name: users_id_seq; Type: SEQUENCE SET; Schema: public; Owner: dongvuong
--

SELECT pg_catalog.setval('public.users_id_seq', 12, true);


--
-- Name: categories categories_pkey; Type: CONSTRAINT; Schema: public; Owner: dongvuong
--

ALTER TABLE ONLY public.categories
    ADD CONSTRAINT categories_pkey PRIMARY KEY (id);


--
-- Name: comments comments_pkey; Type: CONSTRAINT; Schema: public; Owner: dongvuong
--

ALTER TABLE ONLY public.comments
    ADD CONSTRAINT comments_pkey PRIMARY KEY (id);


--
-- Name: courses courses_pkey; Type: CONSTRAINT; Schema: public; Owner: dongvuong
--

ALTER TABLE ONLY public.courses
    ADD CONSTRAINT courses_pkey PRIMARY KEY (id);


--
-- Name: customers customers_pkey; Type: CONSTRAINT; Schema: public; Owner: dongvuong
--

ALTER TABLE ONLY public.customers
    ADD CONSTRAINT customers_pkey PRIMARY KEY (id);


--
-- Name: phones phones_phone_key; Type: CONSTRAINT; Schema: public; Owner: dongvuong
--

ALTER TABLE ONLY public.phones
    ADD CONSTRAINT phones_phone_key UNIQUE (phone);


--
-- Name: phones phones_pkey; Type: CONSTRAINT; Schema: public; Owner: dongvuong
--

ALTER TABLE ONLY public.phones
    ADD CONSTRAINT phones_pkey PRIMARY KEY (id);


--
-- Name: posts_categories posts_categories_pkey; Type: CONSTRAINT; Schema: public; Owner: dongvuong
--

ALTER TABLE ONLY public.posts_categories
    ADD CONSTRAINT posts_categories_pkey PRIMARY KEY (id);


--
-- Name: posts posts_pkey; Type: CONSTRAINT; Schema: public; Owner: dongvuong
--

ALTER TABLE ONLY public.posts
    ADD CONSTRAINT posts_pkey PRIMARY KEY (id);


--
-- Name: users_courses users_courses_pkey; Type: CONSTRAINT; Schema: public; Owner: dongvuong
--

ALTER TABLE ONLY public.users_courses
    ADD CONSTRAINT users_courses_pkey PRIMARY KEY (id);


--
-- Name: users users_pkey; Type: CONSTRAINT; Schema: public; Owner: dongvuong
--

ALTER TABLE ONLY public.users
    ADD CONSTRAINT users_pkey PRIMARY KEY (id);


--
-- Name: users_courses courses_foreign; Type: FK CONSTRAINT; Schema: public; Owner: dongvuong
--

ALTER TABLE ONLY public.users_courses
    ADD CONSTRAINT courses_foreign FOREIGN KEY (course_id) REFERENCES public.courses(id) NOT VALID;


--
-- Name: phones phones_user_id_fkey; Type: FK CONSTRAINT; Schema: public; Owner: dongvuong
--

ALTER TABLE ONLY public.phones
    ADD CONSTRAINT phones_user_id_fkey FOREIGN KEY (user_id) REFERENCES public.users(id);


--
-- Name: comments post_fogrein; Type: FK CONSTRAINT; Schema: public; Owner: dongvuong
--

ALTER TABLE ONLY public.comments
    ADD CONSTRAINT post_fogrein FOREIGN KEY (post_id) REFERENCES public.posts(id) NOT VALID;


--
-- Name: posts_categories posts_categories_category_id_fkey; Type: FK CONSTRAINT; Schema: public; Owner: dongvuong
--

ALTER TABLE ONLY public.posts_categories
    ADD CONSTRAINT posts_categories_category_id_fkey FOREIGN KEY (category_id) REFERENCES public.categories(id);


--
-- Name: posts_categories posts_categories_post_id_fkey; Type: FK CONSTRAINT; Schema: public; Owner: dongvuong
--

ALTER TABLE ONLY public.posts_categories
    ADD CONSTRAINT posts_categories_post_id_fkey FOREIGN KEY (post_id) REFERENCES public.posts(id);


--
-- Name: posts posts_user_id_fkey; Type: FK CONSTRAINT; Schema: public; Owner: dongvuong
--

ALTER TABLE ONLY public.posts
    ADD CONSTRAINT posts_user_id_fkey FOREIGN KEY (user_id) REFERENCES public.users(id);


--
-- Name: comments users_foregin; Type: FK CONSTRAINT; Schema: public; Owner: dongvuong
--

ALTER TABLE ONLY public.comments
    ADD CONSTRAINT users_foregin FOREIGN KEY (user_id) REFERENCES public.users(id) NOT VALID;


--
-- Name: users_courses users_foreign; Type: FK CONSTRAINT; Schema: public; Owner: dongvuong
--

ALTER TABLE ONLY public.users_courses
    ADD CONSTRAINT users_foreign FOREIGN KEY (user_id) REFERENCES public.users(id) NOT VALID;


--
-- PostgreSQL database dump complete
--

